{
    "timestamp": "2025-02-15T23:15:00Z",
    "hardware": 
      {
        "id": "router_01",
        "type": "router",
        "manufacturer": "Cisco",
        "model": "RV340",
        "firmware_version": "1.0.03.20",
        "uptime": "15 days 4 hours",
        "status": "online",
        "location": "B6-326",
        "user": "Simon Huober"
      },
     "sensors": [
      {
        "id": "sensor_01",
        "type": "temperature",
        "unit": "Celsius",
        "location": "B6-326",
        "user": "Simon Huober",
        "readings": [
          { "timestamp": "2025-02-15T23:10:00Z", "value": 22.4 },
          { "timestamp": "2025-02-15T23:11:00Z", "value": 22.5 }
        ]
      }
    ]
  }
  