{
    "at_user0": {
        "at_userrole0": "administrator",
        "at_username0": "admin",
        "at_password0": "ET!admin1",
        "at_authlevel0": "15",
        "at_enable0": "on"
    },
    "at_user1": {
        "at_userrole1": "benutzer",
        "at_username1": "rbs",
        "at_password1": "rbsrbs",
        "at_authlevel1": "3",
        "at_enable1": "on"
    },
    "at_user2": {
        "at_userrole2": "gast",
        "at_username2": "guest",
        "at_password2": "instar",
        "at_authlevel2": "2",
        "at_enable2": "off"
    }
}